tree_size,count
1,5806129
2,1218548
3,560224
4,23269
5,204541
6,737
7,55571
8,265
9,896
10,1129
11,69914
12,10716
13,21218
14,483
15,4961
16,588
17,26206
18,5107
19,35191
20,303
21,10292
22,523
23,285
24,20
25,233
26,10295
27,30
28,354
29,13
30,20525
31,200
32,14
33,17
34,38
35,105
36,212
37,10033
38,7
39,211
40,8
41,145
42,115
43,10215
44,44
45,5840
46,124
47,15
48,94
49,8903
50,14
51,9
52,14
53,14
54,7
55,10014
56,94
57,11
58,8
59,188
60,10417
61,25
62,14
63,9
64,52
65,21
66,101
67,7
68,8
69,4
70,94
71,1
72,15
73,8
74,3
75,13
76,5
77,1
78,15
80,9
81,37
82,7
83,16
84,5
85,9
86,6
87,2
88,7
89,3
90,3
91,92
92,7
93,1
94,7
95,4
96,3
97,10
99,5
100,14
101,21
102,2
104,2
105,2
106,4
107,2
109,4
110,1
111,1
114,2
115,2
116,3
118,1
119,1
120,2
121,16
122,5
125,100
126,1
127,2
128,1
129,15
131,2
132,1
133,4
134,2
135,3
136,11
137,1
140,85
141,6008
142,165
143,2590
145,3332
146,4
147,1
148,3
149,3
150,44
151,6
152,2
153,5
154,68
155,1
157,1
158,1
161,15
163,2
164,82
165,2
166,1
167,3
168,3
169,16
172,2
173,3
174,1
176,1
177,2
181,10
185,1
186,1
187,2
189,87
190,1
191,85
193,1
197,1
198,2
200,1
201,8
203,1
204,2
205,6
207,6
209,5
211,1
212,1
213,1
214,3
218,1
219,82
220,1
221,3
222,1
223,2
224,1
225,3
226,2
227,84
231,2
232,2
235,52
236,2
240,1
241,4
245,2
248,2
253,5
256,4
257,16
258,11
261,1
263,1
264,1
265,8
267,2
268,2
271,4289
272,1
274,1
280,4
281,2
282,1
285,1
287,2
290,666
291,1
292,1803
294,1818
295,1
296,1
298,5
299,3
301,2
307,1
309,1
314,44
317,3
320,1
321,3
322,1
325,1
331,2
334,204
337,1
341,4
344,1
345,1
347,1
351,11
353,3
355,1
361,2
362,1
364,1
365,1
368,2
369,1
372,1
381,1
383,1
387,1
388,1
389,1
392,2
393,84
395,1
397,1
401,3
405,1
406,1
408,1
409,1
411,1
414,2
416,2
418,1
421,1
426,3
427,3
429,1
431,3
436,1
437,1
440,1
441,2
447,1
449,1
451,1
453,1
454,1
456,1
463,2
464,1
465,1
467,1
469,2
472,1
473,1
475,1
476,1
477,1
481,1
486,1
491,1
497,1
501,1
504,1
513,1
515,1
516,1
520,3
523,1
524,1
529,4
535,5
537,2
538,2
539,2
541,1
557,1
563,1
565,1
575,2
581,1
583,1
585,1
586,1
587,1
601,1
602,1
605,2
633,1
642,1
658,1
661,1
664,1
675,1
679,2
681,1
687,1
693,1
700,1
701,2
705,1
706,1
718,1
721,1
727,1
730,2
779,1
784,1
801,3
805,1
809,1
813,1
824,1
837,1
881,1
903,1
910,6
928,1
972,1
997,2
1010,1
1016,1
1019,1
1021,1
1024,2
1054,1
1057,1
1077,1
1089,1
1100,3
1106,1
1107,1
1109,1
1121,1
1129,1
1131,1
1133,2
1155,1
1165,1
1173,1
1181,1
1191,1
1193,1
1213,1
1262,1
1264,1
1275,2
1276,1
1285,1
1327,1
1383,3
1419,2
1442,1
1446,1
1460,1
1487,1
1559,1
1630,2
1701,1
1801,1
1805,1
1819,1
1844,2
1848,1
1851,1
1887,1
1908,1
1911,1
2020,1
2049,1
2078,1
2087,1
2095,1
2112,1
2129,1
2146,1
2163,1
2180,1
2198,1
2201,1
2210,1
2409,4
2450,4
2500,1
2526,1
2661,1
2776,1
2825,1
2883,1
3001,1
3085,1
3179,1
3246,1
3333,1
3455,1
3476,1
3856,1
4001,6
4143,1
4170,1
4593,1
4893,1
5011,1
5924,1
6001,1
6082,1
6604,1
7132,1
7192,1
8841,1
9010,4
10439,1
11108,1
12401,2
13013,1
13488,1
17231,1
18031,1
24001,7
30001,1
32392,1
36082,1
36514,1
38077,1
40001,1
46007,1
62772,1
90010,1
104746,1
114001,1
132856,1
150001,1
933185,1
1240001,1
